                  epoch,             train/loss,  metrics/accuracy_top1,  metrics/accuracy_top5,               val/loss,                 lr/pg0,                 lr/pg1,                 lr/pg2
                      1,                    nan,                0.55782,                      1,                    nan,              4.284e-05,              4.284e-05,              4.284e-05
                      2,                    nan,                0.55782,                      1,                    nan,             7.7505e-05,             7.7505e-05,             7.7505e-05
                      3,                    nan,                0.55782,                      1,                    nan,             9.5676e-05,             9.5676e-05,             9.5676e-05
                      4,                    nan,                0.55782,                      1,                    nan,             9.7354e-05,             9.7354e-05,             9.7354e-05
                      5,                    nan,                0.55782,                      1,                    nan,             8.2538e-05,             8.2538e-05,             8.2538e-05
                      6,                    nan,                0.55782,                      1,                    nan,             5.1229e-05,             5.1229e-05,             5.1229e-05
